[{"model": "assets.project", "pk": 1, "fields": {"name": "Transport Project 2024", "details": ""}}, {"model": "assets.project", "pk": 2, "fields": {"name": "Government Storeroom", "details": ""}}, {"model": "assets.location", "pk": 1, "fields": {"name": "UNION, GROUND FLOOR", "details": null}}, {"model": "assets.location", "pk": 2, "fields": {"name": "UNION, FIRST FLOOR", "details": null}}, {"model": "assets.location", "pk": 3, "fields": {"name": "UNION, SECOND FLOOR", "details": null}}, {"model": "assets.location", "pk": 4, "fields": {"name": "UNION, MATERIAL LAB", "details": null}}, {"model": "assets.location", "pk": 6, "fields": {"name": "OTHER", "details": null}}, {"model": "assets.location", "pk": 7, "fields": {"name": "La Tourney, Vieux Fort", "details": null}}, {"model": "assets.maker", "pk": 1, "fields": {"name": "DELL"}}, {"model": "assets.maker", "pk": 2, "fields": {"name": "HP"}}, {"model": "assets.maker", "pk": 3, "fields": {"name": "Xerox"}}, {"model": "assets.maker", "pk": 4, "fields": {"name": "Canon"}}, {"model": "assets.maker", "pk": 5, "fields": {"name": "RICOH"}}, {"model": "assets.maker", "pk": 6, "fields": {"name": "LENOVO"}}, {"model": "assets.maker", "pk": 7, "fields": {"name": "OTHER"}}, {"model": "assets.maker", "pk": 8, "fields": {"name": "ACER"}}, {"model": "assets.maker", "pk": 9, "fields": {"name": "LEXMARK"}}, {"model": "assets.maker", "pk": 10, "fields": {"name": "PLANAR"}}, {"model": "assets.maker", "pk": 11, "fields": {"name": "I-INC"}}, {"model": "assets.maker", "pk": 12, "fields": {"name": "NOC"}}, {"model": "assets.maker", "pk": 13, "fields": {"name": "COMPAQ"}}, {"model": "assets.maker", "pk": 14, "fields": {"name": "EPSON"}}, {"model": "assets.status", "pk": 1, "fields": {"name": "IN-USE"}}, {"model": "assets.status", "pk": 2, "fields": {"name": "IN-STORAGE"}}, {"model": "assets.status", "pk": 3, "fields": {"name": "RETIRED"}}, {"model": "assets.status", "pk": 4, "fields": {"name": "OBSOLETE"}}, {"model": "assets.status", "pk": 5, "fields": {"name": "NEEDS REPLACING"}}, {"model": "assets.status", "pk": 6, "fields": {"name": "IRREPARABLE"}}, {"model": "assets.status", "pk": 7, "fields": {"name": "IN-REPAIR"}}, {"model": "assets.operatingsystem", "pk": 1, "fields": {"name": "WINDOWS XP"}}, {"model": "assets.operatingsystem", "pk": 2, "fields": {"name": "WINDOWS 7"}}, {"model": "assets.operatingsystem", "pk": 3, "fields": {"name": "WINDOWS 8"}}, {"model": "assets.operatingsystem", "pk": 4, "fields": {"name": "WINDOWS 8.1"}}, {"model": "assets.operatingsystem", "pk": 5, "fields": {"name": "WINDOWS 10"}}, {"model": "assets.operatingsystem", "pk": 6, "fields": {"name": "WINDOWS 11"}}, {"model": "assets.monitormodel", "pk": 1, "fields": {"name": "E2222HS", "maker": 1, "image": ""}}, {"model": "assets.monitormodel", "pk": 2, "fields": {"name": "S2421NX", "maker": 1, "image": ""}}, {"model": "assets.monitormodel", "pk": 3, "fields": {"name": "E2420H", "maker": 1, "image": ""}}, {"model": "assets.monitormodel", "pk": 4, "fields": {"name": "E2011H", "maker": 1, "image": ""}}, {"model": "assets.monitormodel", "pk": 5, "fields": {"name": "E2222H", "maker": 1, "image": ""}}, {"model": "assets.monitormodel", "pk": 6, "fields": {"name": "E2220H", "maker": 1, "image": ""}}, {"model": "assets.monitormodel", "pk": 7, "fields": {"name": "E1910H", "maker": 1, "image": ""}}, {"model": "assets.monitormodel", "pk": 8, "fields": {"name": "E1914H", "maker": 1, "image": ""}}, {"model": "assets.monitormodel", "pk": 9, "fields": {"name": "E1913S", "maker": 1, "image": ""}}, {"model": "assets.monitormodel", "pk": 10, "fields": {"name": "U2718Q", "maker": 1, "image": ""}}, {"model": "assets.monitormodel", "pk": 11, "fields": {"name": "Z22n G2", "maker": 2, "image": ""}}, {"model": "assets.monitormodel", "pk": 12, "fields": {"name": "E2316H", "maker": 1, "image": ""}}, {"model": "assets.monitormodel", "pk": 13, "fields": {"name": "E2215HV", "maker": 1, "image": ""}}, {"model": "assets.monitormodel", "pk": 14, "fields": {"name": "laptop", "maker": 7, "image": ""}}, {"model": "assets.monitormodel", "pk": 15, "fields": {"name": "P19A", "maker": 2, "image": ""}}, {"model": "assets.monitormodel", "pk": 16, "fields": {"name": "P204", "maker": 2, "image": ""}}, {"model": "assets.monitormodel", "pk": 17, "fields": {"name": "PLL2410W", "maker": 10, "image": ""}}, {"model": "assets.monitormodel", "pk": 18, "fields": {"name": "E1920H", "maker": 1, "image": ""}}, {"model": "assets.monitormodel", "pk": 19, "fields": {"name": "IP193", "maker": 11, "image": ""}}, {"model": "assets.monitormodel", "pk": 20, "fields": {"name": "LV2311", "maker": 2, "image": ""}}, {"model": "assets.monitormodel", "pk": 21, "fields": {"name": "E2023F", "maker": 12, "image": ""}}, {"model": "assets.monitormodel", "pk": 22, "fields": {"name": "V194", "maker": 2, "image": ""}}, {"model": "assets.monitormodel", "pk": 23, "fields": {"name": "E2011HC", "maker": 1, "image": ""}}, {"model": "assets.monitormodel", "pk": 24, "fields": {"name": "V223", "maker": 2, "image": ""}}, {"model": "assets.monitormodel", "pk": 25, "fields": {"name": "P2719H", "maker": 1, "image": ""}}, {"model": "assets.monitormodel", "pk": 26, "fields": {"name": "27xi", "maker": 2, "image": ""}}, {"model": "assets.monitormodel", "pk": 27, "fields": {"name": "W220q", "maker": 13, "image": ""}}, {"model": "assets.monitormodel", "pk": 28, "fields": {"name": "3008WFP", "maker": 1, "image": ""}}, {"model": "assets.monitormodel", "pk": 29, "fields": {"name": "V270", "maker": 2, "image": ""}}, {"model": "assets.monitor", "pk": 1, "fields": {"serial_number": "6S23HZ3", "model": 1, "date_received": "2024-02-15", "date_installed": "2024-02-15", "notes": ""}}, {"model": "assets.monitor", "pk": 2, "fields": {"serial_number": "6sb2hz3", "model": 1, "date_received": "2024-02-15", "date_installed": null, "notes": ""}}, {"model": "assets.monitor", "pk": 4, "fields": {"serial_number": "585HCH3", "model": 2, "date_received": "2024-02-16", "date_installed": null, "notes": ""}}, {"model": "assets.monitor", "pk": 5, "fields": {"serial_number": "8LZ4WN3", "model": 2, "date_received": "2024-02-16", "date_installed": null, "notes": ""}}, {"model": "assets.monitor", "pk": 6, "fields": {"serial_number": "CWPSLY2", "model": 3, "date_received": null, "date_installed": null, "notes": ""}}, {"model": "assets.monitor", "pk": 7, "fields": {"serial_number": "FYG8WN3", "model": 2, "date_received": null, "date_installed": null, "notes": ""}}, {"model": "assets.monitor", "pk": 8, "fields": {"serial_number": "6T84YN3", "model": 2, "date_received": null, "date_installed": null, "notes": ""}}, {"model": "assets.monitor", "pk": 9, "fields": {"serial_number": "2WPSLY2", "model": 3, "date_received": null, "date_installed": null, "notes": ""}}, {"model": "assets.monitor", "pk": 10, "fields": {"serial_number": "FWPSLY2", "model": 3, "date_received": null, "date_installed": null, "notes": ""}}, {"model": "assets.monitor", "pk": 11, "fields": {"serial_number": "2H2VM1C11B3L", "model": 4, "date_received": null, "date_installed": null, "notes": ""}}, {"model": "assets.monitor", "pk": 12, "fields": {"serial_number": "G0BV2H3", "model": 5, "date_received": null, "date_installed": null, "notes": ""}}, {"model": "assets.monitor", "pk": 13, "fields": {"serial_number": "D39XKY2", "model": 6, "date_received": null, "date_installed": null, "notes": ""}}, {"model": "assets.monitor", "pk": 14, "fields": {"serial_number": "D176P9BK3H4S", "model": 7, "date_received": null, "date_installed": null, "notes": ""}}, {"model": "assets.monitor", "pk": 15, "fields": {"serial_number": "4FF4756H1GGU", "model": 8, "date_received": null, "date_installed": null, "notes": ""}}, {"model": "assets.monitor", "pk": 16, "fields": {"serial_number": "659XKY2", "model": 6, "date_received": null, "date_installed": null, "notes": ""}}, {"model": "assets.monitor", "pk": 17, "fields": {"serial_number": "4FF4756H1FPU", "model": 8, "date_received": null, "date_installed": null, "notes": ""}}, {"model": "assets.monitor", "pk": 18, "fields": {"serial_number": "C5WJH25ME0LM", "model": 9, "date_received": null, "date_installed": null, "notes": ""}}, {"model": "assets.monitor", "pk": 19, "fields": {"serial_number": "4K8X79AC118L", "model": 10, "date_received": null, "date_installed": null, "notes": ""}}, {"model": "assets.monitor", "pk": 20, "fields": {"serial_number": "4K8X79AC0YVL", "model": 10, "date_received": null, "date_installed": null, "notes": ""}}, {"model": "assets.monitor", "pk": 21, "fields": {"serial_number": "6CM9222CNQ", "model": 11, "date_received": null, "date_installed": null, "notes": ""}}, {"model": "assets.monitor", "pk": 22, "fields": {"serial_number": "4FF4756H1G9U", "model": 8, "date_received": null, "date_installed": null, "notes": ""}}, {"model": "assets.monitor", "pk": 23, "fields": {"serial_number": "4WPSLY2", "model": 3, "date_received": null, "date_installed": null, "notes": ""}}, {"model": "assets.monitor", "pk": 24, "fields": {"serial_number": "HBCBB23", "model": 3, "date_received": null, "date_installed": null, "notes": ""}}, {"model": "assets.monitor", "pk": 25, "fields": {"serial_number": "F4HGM13", "model": 3, "date_received": null, "date_installed": null, "notes": ""}}, {"model": "assets.monitor", "pk": 26, "fields": {"serial_number": "G6N3143", "model": 3, "date_received": null, "date_installed": null, "notes": ""}}, {"model": "assets.monitor", "pk": 27, "fields": {"serial_number": "F6N3143", "model": 3, "date_received": null, "date_installed": null, "notes": ""}}, {"model": "assets.monitor", "pk": 28, "fields": {"serial_number": "X0Y4071HAHYI", "model": 12, "date_received": null, "date_installed": null, "notes": ""}}, {"model": "assets.monitor", "pk": 29, "fields": {"serial_number": "J29XKY2", "model": 6, "date_received": null, "date_installed": null, "notes": ""}}, {"model": "assets.monitor", "pk": 30, "fields": {"serial_number": "1LZ4WN3", "model": 2, "date_received": null, "date_installed": null, "notes": ""}}, {"model": "assets.monitor", "pk": 31, "fields": {"serial_number": "X89J346PCGMB", "model": 13, "date_received": null, "date_installed": null, "notes": ""}}, {"model": "assets.monitor", "pk": 32, "fields": {"serial_number": "2B15WN3", "model": 2, "date_received": null, "date_installed": "2024-02-08", "notes": ""}}, {"model": "assets.monitor", "pk": 33, "fields": {"serial_number": "laptop", "model": 14, "date_received": null, "date_installed": null, "notes": ""}}, {"model": "assets.monitor", "pk": 34, "fields": {"serial_number": "4FF4756H1GHU", "model": 8, "date_received": null, "date_installed": null, "notes": ""}}, {"model": "assets.monitor", "pk": 35, "fields": {"serial_number": "CNK52703GZ", "model": 15, "date_received": null, "date_installed": null, "notes": ""}}, {"model": "assets.monitor", "pk": 36, "fields": {"serial_number": "939XKY2", "model": 6, "date_received": null, "date_installed": null, "notes": ""}}, {"model": "assets.monitor", "pk": 37, "fields": {"serial_number": "DB15WN3", "model": 2, "date_received": null, "date_installed": null, "notes": ""}}, {"model": "assets.monitor", "pk": 38, "fields": {"serial_number": "3CQ91533SS", "model": 16, "date_received": null, "date_installed": null, "notes": ""}}, {"model": "assets.monitor", "pk": 39, "fields": {"serial_number": "16843009", "model": 17, "date_received": null, "date_installed": null, "notes": ""}}, {"model": "assets.monitor", "pk": 41, "fields": {"serial_number": "6S62HZ3", "model": 1, "date_received": null, "date_installed": "2024-03-01", "notes": ""}}, {"model": "assets.monitor", "pk": 42, "fields": {"serial_number": "840LXC3", "model": 18, "date_received": null, "date_installed": null, "notes": ""}}, {"model": "assets.monitor", "pk": 43, "fields": {"serial_number": "4FF4756H1H2U", "model": 8, "date_received": null, "date_installed": null, "notes": ""}}, {"model": "assets.monitor", "pk": 44, "fields": {"serial_number": "108AX1WY03387", "model": 19, "date_received": null, "date_installed": null, "notes": ""}}, {"model": "assets.monitor", "pk": 45, "fields": {"serial_number": "6CM31101T2", "model": 20, "date_received": null, "date_installed": null, "notes": ""}}, {"model": "assets.monitor", "pk": 46, "fields": {"serial_number": "3CQ6120PRD", "model": 22, "date_received": null, "date_installed": null, "notes": ""}}, {"model": "assets.monitor", "pk": 47, "fields": {"serial_number": "4294967295", "model": 4, "date_received": null, "date_installed": null, "notes": ""}}, {"model": "assets.monitor", "pk": 48, "fields": {"serial_number": "ABGB1O2002531", "model": 21, "date_received": null, "date_installed": null, "notes": ""}}, {"model": "assets.monitor", "pk": 49, "fields": {"serial_number": "2H2VM27G068S", "model": 4, "date_received": null, "date_installed": null, "notes": ""}}, {"model": "assets.monitor", "pk": 50, "fields": {"serial_number": "16843009", "model": 17, "date_received": null, "date_installed": null, "notes": ""}}, {"model": "assets.monitor", "pk": 51, "fields": {"serial_number": "4FF4756H1GYU", "model": 8, "date_received": null, "date_installed": null, "notes": ""}}, {"model": "assets.monitor", "pk": 52, "fields": {"serial_number": "4FF4756H1GQU", "model": 8, "date_received": null, "date_installed": null, "notes": ""}}, {"model": "assets.monitor", "pk": 53, "fields": {"serial_number": "4FF4756H1GVU", "model": 8, "date_received": null, "date_installed": null, "notes": ""}}, {"model": "assets.monitor", "pk": 54, "fields": {"serial_number": "3CQ7220FBC", "model": 24, "date_received": null, "date_installed": null, "notes": ""}}, {"model": "assets.monitor", "pk": 55, "fields": {"serial_number": "4FF4756H1GMU", "model": 8, "date_received": null, "date_installed": null, "notes": ""}}, {"model": "assets.monitor", "pk": 56, "fields": {"serial_number": "8V0QVS2", "model": 25, "date_received": null, "date_installed": null, "notes": ""}}, {"model": "assets.monitor", "pk": 57, "fields": {"serial_number": "3CM3240PZW", "model": 26, "date_received": null, "date_installed": null, "notes": ""}}, {"model": "assets.monitor", "pk": 58, "fields": {"serial_number": "7W0QVS2", "model": 25, "date_received": null, "date_installed": null, "notes": ""}}, {"model": "assets.monitor", "pk": 59, "fields": {"serial_number": "3W0QVS2", "model": 25, "date_received": null, "date_installed": null, "notes": ""}}, {"model": "assets.monitor", "pk": 60, "fields": {"serial_number": "8W0QVS2", "model": 25, "date_received": null, "date_installed": null, "notes": ""}}, {"model": "assets.monitor", "pk": 61, "fields": {"serial_number": "CG1QVS2", "model": 25, "date_received": null, "date_installed": null, "notes": ""}}, {"model": "assets.monitor", "pk": 62, "fields": {"serial_number": "CNT823K02D", "model": 27, "date_received": null, "date_installed": null, "notes": ""}}, {"model": "assets.monitor", "pk": 63, "fields": {"serial_number": "G525H033135L", "model": 28, "date_received": null, "date_installed": null, "notes": ""}}, {"model": "assets.monitor", "pk": 64, "fields": {"serial_number": "3VPSLY2", "model": 3, "date_received": null, "date_installed": null, "notes": ""}}, {"model": "assets.monitor", "pk": 65, "fields": {"serial_number": "1CR92207HW", "model": 29, "date_received": null, "date_installed": null, "notes": ""}}, {"model": "assets.monitor", "pk": 66, "fields": {"serial_number": "3CQ6120PRC", "model": 22, "date_received": null, "date_installed": null, "notes": ""}}, {"model": "assets.monitor", "pk": 67, "fields": {"serial_number": "689XKY2", "model": 6, "date_received": null, "date_installed": null, "notes": ""}}, {"model": "assets.monitor", "pk": 68, "fields": {"serial_number": "C5WJH25UALRU", "model": 9, "date_received": null, "date_installed": null, "notes": ""}}, {"model": "assets.monitor", "pk": 69, "fields": {"serial_number": "H915WN3", "model": 2, "date_received": null, "date_installed": null, "notes": ""}}, {"model": "assets.monitor", "pk": 70, "fields": {"serial_number": "B3H8WN3", "model": 2, "date_received": null, "date_installed": null, "notes": ""}}, {"model": "assets.monitor", "pk": 71, "fields": {"serial_number": "CCGV2H3", "model": 5, "date_received": null, "date_installed": null, "notes": ""}}, {"model": "assets.computertype", "pk": 1, "fields": {"name": "desktop"}}, {"model": "assets.computertype", "pk": 2, "fields": {"name": "laptop"}}, {"model": "assets.computermodel", "pk": 1, "fields": {"name": "VOSTRO 3710", "computer_type": 1, "maker": 1, "processor": "12th Gen i5-12400, 2.5 Ghz", "ram": 8, "hdd": 500}}, {"model": "assets.computermodel", "pk": 2, "fields": {"name": "ProDesk 400 G3 SFF", "computer_type": 1, "maker": 1, "processor": "I3 3.6", "ram": 4, "hdd": 500}}, {"model": "assets.computermodel", "pk": 3, "fields": {"name": "OPTIPLEX 9020", "computer_type": 1, "maker": 1, "processor": "i7-4790 3.60GHz", "ram": 4, "hdd": 500}}, {"model": "assets.computermodel", "pk": 4, "fields": {"name": "OptiPlex 3070", "computer_type": 1, "maker": 1, "processor": "i5-9500 3.00GHz, 3 Ghz", "ram": 8, "hdd": 240}}, {"model": "assets.computermodel", "pk": 5, "fields": {"name": "EliteDesk 705 G3 Desktop Mini", "computer_type": 1, "maker": 2, "processor": "AMD PRO A10-9700E R7, 3 Ghz", "ram": 8, "hdd": 500}}, {"model": "assets.computermodel", "pk": 6, "fields": {"name": "7515L2U", "computer_type": 1, "maker": 6, "processor": "E3200 @ 2.40 GHz, 2394 Mhz, 2 Cores", "ram": 1, "hdd": 250}}, {"model": "assets.computermodel", "pk": 7, "fields": {"name": "OptiPlex 3040", "computer_type": 1, "maker": 1, "processor": "i5-6500 3.20GHz, 3192 Mhz", "ram": 8, "hdd": 1000}}, {"model": "assets.computermodel", "pk": 8, "fields": {"name": "OptiPlex 390", "computer_type": 1, "maker": 1, "processor": "i3-2120 3.30GHz", "ram": 4, "hdd": 500}}, {"model": "assets.computermodel", "pk": 9, "fields": {"name": "ProDesk 400 G5 SFF", "computer_type": 1, "maker": 2, "processor": "i5-8500 3.00GHz", "ram": 4, "hdd": 500}}, {"model": "assets.computermodel", "pk": 10, "fields": {"name": "1577K8U", "computer_type": 1, "maker": 6, "processor": "i3-2120 3.30GHz", "ram": 4, "hdd": 500}}, {"model": "assets.computermodel", "pk": 11, "fields": {"name": "OptiPlex 7070", "computer_type": 1, "maker": 1, "processor": "i5-9500 3.00GHz", "ram": 16, "hdd": 1000}}, {"model": "assets.computermodel", "pk": 12, "fields": {"name": "ThinkPad L15 Gen 2 - 20X3006XUS", "computer_type": 2, "maker": 6, "processor": "11th Gen i7-1165G7 2.80GHz", "ram": 16, "hdd": 500}}, {"model": "assets.computermodel", "pk": 13, "fields": {"name": "OPTIPLEX SSF PLUS 7010", "computer_type": 1, "maker": 1, "processor": "13th Gen i7-13700, 2100 Mhz, 16 Core(s)", "ram": 16, "hdd": 500}}, {"model": "assets.computermodel", "pk": 14, "fields": {"name": "OptiPlex SFF 7010", "computer_type": 1, "maker": 1, "processor": "13th Gen i5-13500", "ram": 8, "hdd": 500}}, {"model": "assets.computermodel", "pk": 15, "fields": {"name": "Precision 3580", "computer_type": 2, "maker": 1, "processor": "13th Gen i7-1360P, 2.2 Ghz", "ram": 16, "hdd": 500}}, {"model": "assets.computermodel", "pk": 16, "fields": {"name": "OptiPlex 9020", "computer_type": 1, "maker": 1, "processor": "i5-4590 3.30GHz", "ram": 16, "hdd": 500}}, {"model": "assets.computermodel", "pk": 17, "fields": {"name": "OptiPlex 3080", "computer_type": 1, "maker": 1, "processor": "i5-10500 3.10GHz, 3096 Mhz", "ram": 8, "hdd": 240}}, {"model": "assets.computermodel", "pk": 18, "fields": {"name": "OptiPlex 9020", "computer_type": 1, "maker": 1, "processor": "i7-4770 CPU @ 3.40GHz", "ram": 32, "hdd": 500}}, {"model": "assets.computermodel", "pk": 19, "fields": {"name": "HP Pro3500 Series", "computer_type": 1, "maker": 2, "processor": "i3-3220 CPU @ 3.30GHz", "ram": 4, "hdd": 500}}, {"model": "assets.computermodel", "pk": 20, "fields": {"name": "Z240 SFF Workstation", "computer_type": 1, "maker": 2, "processor": "i7-7700 CPU @ 3.60GHz", "ram": 8, "hdd": 2000}}, {"model": "assets.computermodel", "pk": 21, "fields": {"name": "OptiPlex 7010", "computer_type": 1, "maker": 1, "processor": "i5-3470 CPU @ 3.20GHz", "ram": 8, "hdd": 240}}, {"model": "assets.computermodel", "pk": 22, "fields": {"name": "VOSTRO 220", "computer_type": 1, "maker": 1, "processor": "Intel Core 2 Duo CPU E7500  2.93GHz", "ram": 2, "hdd": 500}}, {"model": "assets.computermodel", "pk": 23, "fields": {"name": "Aspire XC-603", "computer_type": 1, "maker": 8, "processor": "Intel Celeron CPU J1900 @ 1.99GHz", "ram": 4, "hdd": 500}}, {"model": "assets.computermodel", "pk": 24, "fields": {"name": "11BD003EUS", "computer_type": 1, "maker": 6, "processor": "i5-9400 CPU @ 2.90GHz", "ram": 8, "hdd": 1000}}, {"model": "assets.computermodel", "pk": 25, "fields": {"name": "10B6001XUS", "computer_type": 1, "maker": 6, "processor": "i3-4150 CPU @ 3.50GHz", "ram": 4, "hdd": 500}}, {"model": "assets.computermodel", "pk": 26, "fields": {"name": "OptiPlex 3060", "computer_type": 1, "maker": 1, "processor": "i5-8500 CPU @ 3.00GHz", "ram": 8, "hdd": 1000}}, {"model": "assets.computermodel", "pk": 27, "fields": {"name": "10NM000LUS", "computer_type": 1, "maker": 6, "processor": "i5-7400 CPU @ 3.00GHz", "ram": 4, "hdd": 500}}, {"model": "assets.computermodel", "pk": 28, "fields": {"name": "7844P7U", "computer_type": 1, "maker": 6, "processor": "Intel Core2 Duo CPU E7500 2.93GHz", "ram": 4, "hdd": 500}}, {"model": "assets.computermodel", "pk": 29, "fields": {"name": "8200 Elite SFF", "computer_type": 1, "maker": 2, "processor": "i5-2500 CPU 3.30GHz", "ram": 8, "hdd": 500}}, {"model": "assets.computermodel", "pk": 30, "fields": {"name": "ProDesk 600 G3 SFF", "computer_type": 1, "maker": 2, "processor": "i7-7700 CPU @ 3.60GHz", "ram": 8, "hdd": 1000}}, {"model": "assets.computermodel", "pk": 31, "fields": {"name": "OptiPlex 7080", "computer_type": 1, "maker": 1, "processor": "i5-10500 CPU @ 3.10GHz", "ram": 16, "hdd": 1000}}, {"model": "assets.computermodel", "pk": 32, "fields": {"name": "OptiPlex 790", "computer_type": 1, "maker": 1, "processor": "i5-2400 CPU @ 3.10GHz", "ram": 4, "hdd": 500}}, {"model": "assets.computermodel", "pk": 33, "fields": {"name": "OptiPlex 3090", "computer_type": 1, "maker": 1, "processor": "i5-10500 CPU @ 3.10GHz", "ram": 8, "hdd": 240}}, {"model": "assets.computermodel", "pk": 34, "fields": {"name": "EliteDesk 705 G3 Desktop Mini", "computer_type": 1, "maker": 1, "processor": "AMD PRO A10-9700E R7, 10 COMPUTE CORES 4C+6G", "ram": 8, "hdd": 500}}, {"model": "assets.computermodel", "pk": 35, "fields": {"name": "Precision 5820 Tower X-Series", "computer_type": 1, "maker": 1, "processor": "Processor\tIntel(R) Core(TM) i9-9960X CPU @ 3.10GHz", "ram": 32, "hdd": 500}}, {"model": "assets.computermodel", "pk": 36, "fields": {"name": "Z2 Tower G4 Workstation", "computer_type": 1, "maker": 2, "processor": "i7-8700 CPU @ 3.20GHz", "ram": 16, "hdd": 500}}, {"model": "assets.computermodel", "pk": 37, "fields": {"name": "HP Pavilion x360 Convertible 14-dw1xxx", "computer_type": 1, "maker": 2, "processor": "11th Gen Intel(R) Core(TM) i5-1135G7 @ 2.40GHz", "ram": 16, "hdd": 1000}}, {"model": "assets.computermodel", "pk": 38, "fields": {"name": "OptiPlex 3020", "computer_type": 1, "maker": 1, "processor": "Intel Core i3-4160 CPU @ 3.60GHz", "ram": 4, "hdd": 500}}, {"model": "assets.computermodel", "pk": 39, "fields": {"name": "8910ASU", "computer_type": 1, "maker": 6, "processor": "Intel Core2 Duo CPU  E7500 2.93GHz", "ram": 4, "hdd": 287}}, {"model": "assets.computermodel", "pk": 40, "fields": {"name": "HP 280 G2 MT (Non-Legacy)", "computer_type": 1, "maker": 2, "processor": "Intel Core i3-6100 CPU @ 3.70GHz", "ram": 4, "hdd": 500}}, {"model": "assets.computermodel", "pk": 41, "fields": {"name": "MCWT01034", "computer_type": 1, "maker": 2, "processor": "Intel PentiumCPU G620 @ 2.60GHz, 2.6 Ghz", "ram": 4, "hdd": 225}}, {"model": "assets.computermodel", "pk": 42, "fields": {"name": "MCWT01240", "computer_type": 1, "maker": 1, "processor": "Intel Core i5-3550 CPU @ 3.30GHz, 4 Core(s),", "ram": 4, "hdd": 465}}, {"model": "assets.computermodel", "pk": 43, "fields": {"name": "OptiPlex 5000", "computer_type": 1, "maker": 1, "processor": "12th Gen Intel(R) Core(TM) i7-12700, 2100 Mhz", "ram": 16, "hdd": 474}}, {"model": "assets.computermodel", "pk": 44, "fields": {"name": "Precision T1700", "computer_type": 1, "maker": 1, "processor": "Intel Core i7-4790 CPU @ 3.60GHz", "ram": 8, "hdd": 1000}}, {"model": "assets.computermodel", "pk": 45, "fields": {"name": "Vostro 260", "computer_type": 1, "maker": 1, "processor": "Intel(R) Core(TM) i3-2120 CPU @ 3.30GHz, 3300 Mhz", "ram": 4, "hdd": 476}}, {"model": "assets.computer", "pk": 1, "fields": {"project": null, "serial_number": "C4D67V3", "warranty_info": "ProSupport Expires 05 JAN 2026", "computer_name": "mcwt4002", "model": 1, "status": 1, "os": 6, "location": 2, "department": 12, "user": "DGASPARD", "date_received": "2024-02-13", "date_installed": "2024-02-13", "image": "", "notes": "", "monitor": [30]}}, {"model": "assets.computer", "pk": 2, "fields": {"project": null, "serial_number": "2UA6243N35", "warranty_info": "N/A", "computer_name": "Infras170321", "model": 2, "status": 1, "os": 5, "location": 1, "department": 4, "user": "Merlic James", "date_received": null, "date_installed": null, "image": "", "notes": "", "monitor": []}}, {"model": "assets.computer", "pk": 3, "fields": {"project": null, "serial_number": "122BV52", "warranty_info": "N/A", "computer_name": "noitransportm", "model": 3, "status": 1, "os": 2, "location": null, "department": null, "user": "curjames", "date_received": null, "date_installed": null, "image": "", "notes": null, "monitor": []}}, {"model": "assets.computer", "pk": 4, "fields": {"project": null, "serial_number": "1222V52", "warranty_info": "N/A", "computer_name": "moitransportQ", "model": 3, "status": 1, "os": 2, "location": null, "department": null, "user": "ppierre", "date_received": null, "date_installed": null, "image": "", "notes": null, "monitor": []}}, {"model": "assets.computer", "pk": 5, "fields": {"project": null, "serial_number": "1N3TG13", "warranty_info": "N/A", "computer_name": "MCWT03092", "model": 4, "status": 1, "os": 5, "location": null, "department": null, "user": null, "date_received": null, "date_installed": null, "image": "", "notes": "", "monitor": []}}, {"model": "assets.computer", "pk": 6, "fields": {"project": null, "serial_number": "DS4YT52", "warranty_info": "N/A", "computer_name": "MCWT02010", "model": 3, "status": 1, "os": 2, "location": null, "department": null, "user": "aarlain", "date_received": null, "date_installed": null, "image": "", "notes": null, "monitor": []}}, {"model": "assets.computer", "pk": 7, "fields": {"project": null, "serial_number": "2UA6243N34", "warranty_info": "N/A", "computer_name": "Infrast17032102", "model": 2, "status": 1, "os": 5, "location": null, "department": 4, "user": "SSALMON", "date_received": null, "date_installed": null, "image": "", "notes": "", "monitor": []}}, {"model": "assets.computer", "pk": 8, "fields": {"project": 2, "serial_number": "3D4T9V3", "warranty_info": "ProSupport Expires 12 JAN 2026", "computer_name": "MCWT24513", "model": 1, "status": 1, "os": 6, "location": 1, "department": 1, "user": "SWELAN AUGUSTE", "date_received": null, "date_installed": "2024-02-08", "image": "", "notes": "", "monitor": [32]}}, {"model": "assets.computer", "pk": 9, "fields": {"project": null, "serial_number": "1223V52", "warranty_info": "N/A", "computer_name": "MCWT02001", "model": 3, "status": 1, "os": 5, "location": null, "department": null, "user": "KEDANIEL", "date_received": null, "date_installed": null, "image": "", "notes": "", "monitor": []}}, {"model": "assets.computer", "pk": 10, "fields": {"project": null, "serial_number": "MJBH268", "warranty_info": "N/A", "computer_name": "MCWT02006", "model": 6, "status": 5, "os": 2, "location": null, "department": null, "user": "LMARCION", "date_received": null, "date_installed": null, "image": "", "notes": "", "monitor": []}}, {"model": "assets.computer", "pk": 11, "fields": {"project": null, "serial_number": "2UA7061PLX", "warranty_info": "N/A", "computer_name": "MCWT01089", "model": 5, "status": 1, "os": 5, "location": null, "department": 4, "user": "hduncan", "date_received": null, "date_installed": null, "image": "", "notes": "needs replacement monitor", "monitor": []}}, {"model": "assets.computer", "pk": 12, "fields": {"project": null, "serial_number": "9TQ73C2", "warranty_info": "N/A", "computer_name": "MCWT02091", "model": 7, "status": 1, "os": 5, "location": null, "department": null, "user": "NLOUIS", "date_received": null, "date_installed": null, "image": "", "notes": "", "monitor": []}}, {"model": "assets.computer", "pk": 13, "fields": {"project": null, "serial_number": "65V7ZV1", "warranty_info": "n/a", "computer_name": "MCWT02005", "model": 8, "status": 1, "os": 5, "location": null, "department": null, "user": "mjames", "date_received": null, "date_installed": null, "image": "", "notes": "", "monitor": []}}, {"model": "assets.computer", "pk": 14, "fields": {"project": null, "serial_number": "MXL9402D9W", "warranty_info": "N/A", "computer_name": "MCWT03089", "model": 9, "status": 1, "os": 5, "location": null, "department": null, "user": "OIALCIDE", "date_received": null, "date_installed": null, "image": "", "notes": "system is operating extremely slow, could benefit from a memory increase", "monitor": []}}, {"model": "assets.computer", "pk": 15, "fields": {"project": null, "serial_number": "PBGWC24", "warranty_info": "N/A", "computer_name": "MCWT02007", "model": 10, "status": 1, "os": 5, "location": null, "department": null, "user": "TPOPO", "date_received": null, "date_installed": null, "image": "", "notes": "", "monitor": []}}, {"model": "assets.computer", "pk": 16, "fields": {"project": null, "serial_number": "H7D9333", "warranty_info": "N/A", "computer_name": "MCWT03223", "model": 11, "status": 1, "os": 5, "location": null, "department": 2, "user": "YRODIQUEZ", "date_received": null, "date_installed": null, "image": "", "notes": "", "monitor": []}}, {"model": "assets.computer", "pk": 17, "fields": {"project": null, "serial_number": "PF3NQNSV", "warranty_info": "25-02-14", "computer_name": "MCWTLPTHSOW", "model": 12, "status": 1, "os": 5, "location": null, "department": null, "user": "SUPERINTENDENT OF WORKS - ALOUIS-FERNAND", "date_received": "2024-02-14", "date_installed": "2024-02-21", "image": "", "notes": "", "monitor": []}}, {"model": "assets.computer", "pk": 18, "fields": {"project": null, "serial_number": "PF3NNXV4", "warranty_info": "N/A", "computer_name": "MCWTLPENCESTO", "model": 12, "status": 1, "os": 5, "location": null, "department": null, "user": "KINGLIS", "date_received": "2024-02-15", "date_installed": "2024-02-20", "image": "system_audit/IMG_0041.jpeg", "notes": "Office suite pro plus 2021 - activated", "monitor": []}}, {"model": "assets.computer", "pk": 19, "fields": {"project": null, "serial_number": "PF3NPBX1", "warranty_info": "EXPIRED", "computer_name": "MCWTLPAD", "model": 12, "status": 1, "os": 5, "location": null, "department": null, "user": "LMATTHEW", "date_received": "2024-02-14", "date_installed": "2024-02-20", "image": "", "notes": "Issued to assigned user on 20/FEB/2024", "monitor": []}}, {"model": "assets.computer", "pk": 20, "fields": {"project": 2, "serial_number": "PF3NRS74", "warranty_info": "EXPIRED", "computer_name": "MCWTLPADPS", "model": 12, "status": 1, "os": 5, "location": 7, "department": 3, "user": "GEORGE MELCHOIR", "date_received": "2024-02-14", "date_installed": "2024-02-29", "image": "", "notes": "DPS SOUTH", "monitor": [33]}}, {"model": "assets.computer", "pk": 21, "fields": {"project": null, "serial_number": "PF3NNV9K", "warranty_info": "EXPIRED", "computer_name": "MCWTLPICTM", "model": 12, "status": 1, "os": 5, "location": null, "department": null, "user": "CMCLAUREN", "date_received": "2024-02-14", "date_installed": "2024-02-20", "image": "", "notes": "Issued to assigned user on 20/FEB/2024", "monitor": []}}, {"model": "assets.computer", "pk": 22, "fields": {"project": null, "serial_number": "PF3NR42R", "warranty_info": "EXPIRED", "computer_name": "MCWTLPDMS", "model": 12, "status": 1, "os": 5, "location": null, "department": null, "user": "AJOYEAU", "date_received": "2024-02-14", "date_installed": "2024-02-26", "image": "", "notes": "issued to user", "monitor": []}}, {"model": "assets.computer", "pk": 23, "fields": {"project": null, "serial_number": "PF3NQLJM", "warranty_info": "EXPIRED", "computer_name": "MCWTLPADFA", "model": 12, "status": 1, "os": 5, "location": null, "department": 3, "user": "ECLARK-MALYAKHAN", "date_received": "2024-02-14", "date_installed": "2024-02-26", "image": "", "notes": "issued to user", "monitor": []}}, {"model": "assets.computer", "pk": 24, "fields": {"project": null, "serial_number": "PF3NRH27", "warranty_info": "EXPIRED", "computer_name": "MCWTLPTHCE", "model": 12, "status": 1, "os": 5, "location": null, "department": null, "user": "RMCKIE", "date_received": "2024-02-14", "date_installed": "2024-02-20", "image": "", "notes": "Issued to assigned user on 20/FEB/2024", "monitor": []}}, {"model": "assets.computer", "pk": 25, "fields": {"project": null, "serial_number": "PF3NR3XV", "warranty_info": "EXPIRED", "computer_name": "MCWTLPATSA", "model": 12, "status": 1, "os": 5, "location": null, "department": null, "user": "VLOUISY", "date_received": "2024-02-14", "date_installed": "2024-02-20", "image": "", "notes": "Issued to assigned user on 20/FEB/2024", "monitor": []}}, {"model": "assets.computer", "pk": 26, "fields": {"project": null, "serial_number": "121BV52", "warranty_info": "EXPIRED", "computer_name": null, "model": 3, "status": 6, "os": null, "location": 1, "department": 1, "user": "JOSGEORGE", "date_received": null, "date_installed": null, "image": "", "notes": "", "monitor": []}}, {"model": "assets.computer", "pk": 27, "fields": {"project": null, "serial_number": "JPQNW04", "warranty_info": "Expires 28 FEB 2027", "computer_name": "MCWTTH24501", "model": 13, "status": 1, "os": 6, "location": 2, "department": 2, "user": "JOSGEORGE", "date_received": "2024-02-15", "date_installed": "2024-02-15", "image": "", "notes": "Needs Office suite installed", "monitor": [1]}}, {"model": "assets.computer", "pk": 28, "fields": {"project": null, "serial_number": "GCYNW04", "warranty_info": "Expires 28 FEB 2027", "computer_name": "MCWT24502", "model": 14, "status": 2, "os": 6, "location": null, "department": null, "user": null, "date_received": "2024-02-15", "date_installed": null, "image": "", "notes": "", "monitor": []}}, {"model": "assets.computer", "pk": 29, "fields": {"project": 1, "serial_number": "JCYNW04", "warranty_info": "Expires 28 FEB 2027", "computer_name": "MCWT24503", "model": 14, "status": 2, "os": 6, "location": 3, "department": 2, "user": "Michelle Lawrence", "date_received": "2024-02-15", "date_installed": "2024-03-01", "image": "", "notes": "", "monitor": [41]}}, {"model": "assets.computer", "pk": 30, "fields": {"project": null, "serial_number": "HCYNW04", "warranty_info": "ProSupport  ⦁ Expires 28 FEB 2027", "computer_name": "MCWT24504", "model": 14, "status": 2, "os": 6, "location": null, "department": null, "user": null, "date_received": "2024-02-15", "date_installed": null, "image": "", "notes": "", "monitor": []}}, {"model": "assets.computer", "pk": 31, "fields": {"project": null, "serial_number": "1QQNW04", "warranty_info": "ProSupport  Expires 28 FEB 2027", "computer_name": "MCWT24505", "model": 13, "status": 2, "os": 6, "location": null, "department": null, "user": null, "date_received": "2024-02-15", "date_installed": null, "image": "", "notes": "", "monitor": []}}, {"model": "assets.computer", "pk": 32, "fields": {"project": null, "serial_number": "2QQNW04", "warranty_info": "ProSupport - Expires 28 FEB 2027", "computer_name": "MCWT24506", "model": 13, "status": 2, "os": 6, "location": null, "department": null, "user": null, "date_received": "2024-02-15", "date_installed": null, "image": "", "notes": "", "monitor": []}}, {"model": "assets.computer", "pk": 33, "fields": {"project": null, "serial_number": "GSZFN04", "warranty_info": "ProSupport  Expires 28 FEB 2027", "computer_name": "MCWTLP24507", "model": 15, "status": 2, "os": 6, "location": null, "department": null, "user": null, "date_received": "2024-02-16", "date_installed": null, "image": "", "notes": "", "monitor": [33]}}, {"model": "assets.computer", "pk": 34, "fields": {"project": null, "serial_number": "HSZFN04", "warranty_info": "ProSupport  Expires 28 FEB 2027", "computer_name": "MCWTLP24508", "model": 15, "status": 2, "os": 6, "location": null, "department": null, "user": null, "date_received": "2024-02-16", "date_installed": null, "image": "", "notes": "", "monitor": []}}, {"model": "assets.computer", "pk": 35, "fields": {"project": null, "serial_number": "55K3942", "warranty_info": "EXPIRED", "computer_name": "mcwtacc2", "model": 16, "status": 1, "os": 5, "location": null, "department": null, "user": "FKHODRA", "date_received": null, "date_installed": null, "image": "", "notes": "", "monitor": []}}, {"model": "assets.computer", "pk": 36, "fields": {"project": null, "serial_number": "JRN1N83", "warranty_info": "Basic  Expires 26 FEB 2024", "computer_name": "MCWT05006", "model": 17, "status": 1, "os": 5, "location": null, "department": null, "user": "SBOUSQUET", "date_received": null, "date_installed": null, "image": "", "notes": "", "monitor": []}}, {"model": "assets.computer", "pk": 37, "fields": {"project": null, "serial_number": "66J4ZV1", "warranty_info": "EXPIRED", "computer_name": "MCWT02002", "model": 8, "status": 1, "os": 5, "location": null, "department": null, "user": null, "date_received": null, "date_installed": null, "image": "", "notes": "", "monitor": []}}, {"model": "assets.computer", "pk": 38, "fields": {"project": null, "serial_number": "54V6942", "warranty_info": "EXPIRED", "computer_name": "MCWTACC1", "model": 18, "status": 1, "os": 5, "location": null, "department": null, "user": "PSURAJ", "date_received": null, "date_installed": null, "image": "", "notes": "Installed Physical Memory (RAM)\t32.0 GB,\r\nProcessor\tIntel(R) Core(TM) i7-4770 CPU @ 3.40GHz, 3401 Mhz, 4 Core(s), 4 Logical Processor(s)", "monitor": []}}, {"model": "assets.computer", "pk": 39, "fields": {"project": null, "serial_number": "MXL3341MXJ", "warranty_info": "EXPIRED", "computer_name": "MCWT02015", "model": 19, "status": 1, "os": 2, "location": null, "department": null, "user": "VLOUISY", "date_received": null, "date_installed": null, "image": "", "notes": "", "monitor": []}}, {"model": "assets.computer", "pk": 40, "fields": {"project": 2, "serial_number": "DS40V52", "warranty_info": "EXPIRED", "computer_name": "MCWT03045", "model": 3, "status": 1, "os": 5, "location": 2, "department": 12, "user": null, "date_received": null, "date_installed": null, "image": "", "notes": "", "monitor": []}}, {"model": "assets.computer", "pk": 41, "fields": {"project": null, "serial_number": "3NX6K93", "warranty_info": "Basic  Expires 26 FEB 2024", "computer_name": "MCWT04009", "model": 17, "status": 1, "os": 5, "location": null, "department": null, "user": "VBLASSE", "date_received": null, "date_installed": null, "image": "", "notes": "", "monitor": []}}, {"model": "assets.computer", "pk": 42, "fields": {"project": null, "serial_number": "2UA8242D8C", "warranty_info": "EXPIRED", "computer_name": "mcwt02100", "model": 20, "status": 1, "os": 5, "location": null, "department": null, "user": "IVFRANCIS", "date_received": null, "date_installed": null, "image": "", "notes": "", "monitor": []}}, {"model": "assets.computer", "pk": 43, "fields": {"project": null, "serial_number": "CR3JZ12", "warranty_info": "EXPIRED", "computer_name": "mcwt02088", "model": 21, "status": 1, "os": 5, "location": null, "department": null, "user": "RICJOSEPH", "date_received": null, "date_installed": null, "image": "", "notes": "", "monitor": []}}, {"model": "assets.computer", "pk": 44, "fields": {"project": null, "serial_number": "3NSCK93", "warranty_info": "Basic  Expires 26 FEB 2024", "computer_name": "MCWT04008", "model": 17, "status": 1, "os": 5, "location": null, "department": null, "user": "PEGUSTAVE", "date_received": null, "date_installed": null, "image": "", "notes": "", "monitor": []}}, {"model": "assets.computer", "pk": 45, "fields": {"project": 2, "serial_number": "D72MML1", "warranty_info": "EXPIRED", "computer_name": "MCWT24509", "model": 22, "status": 1, "os": 5, "location": 1, "department": 4, "user": null, "date_received": null, "date_installed": null, "image": "", "notes": "PC needs a replacement HDD, reinstalled windows 10 on different HDD (21/FEB/2024)", "monitor": []}}, {"model": "assets.computer", "pk": 46, "fields": {"project": null, "serial_number": "DTSULTA003501025433000", "warranty_info": "EXPIRED", "computer_name": "MCWT24510", "model": 23, "status": 1, "os": 5, "location": null, "department": null, "user": "TRANSPORT", "date_received": null, "date_installed": "2024-02-21", "image": "", "notes": "PC WSA FOUND IN A RECOVERY STATE AND WOULD NOT BOOT INTO WINDOWS, THE OS WAS REINSTALLED (21/FEB/2024), PC NEEDS TO BE ADDED TO THE DOMAIN", "monitor": []}}, {"model": "assets.computer", "pk": 47, "fields": {"project": null, "serial_number": "JVCWN23", "warranty_info": "Expired 19 APR 2023", "computer_name": "mcwt032236", "model": 4, "status": 1, "os": 5, "location": null, "department": null, "user": null, "date_received": null, "date_installed": null, "image": "", "notes": "", "monitor": []}}, {"model": "assets.computer", "pk": 48, "fields": {"project": null, "serial_number": "MJ0CAMG7", "warranty_info": "EXPIRED", "computer_name": "MCWT03202", "model": 24, "status": 1, "os": 5, "location": null, "department": null, "user": null, "date_received": null, "date_installed": null, "image": "", "notes": "", "monitor": []}}, {"model": "assets.computer", "pk": 49, "fields": {"project": null, "serial_number": "CRBJY23", "warranty_info": "Expired 19 APR 2023", "computer_name": "mcwt03224", "model": 4, "status": 1, "os": 6, "location": null, "department": null, "user": null, "date_received": null, "date_installed": null, "image": "", "notes": "", "monitor": []}}, {"model": "assets.computer", "pk": 50, "fields": {"project": null, "serial_number": "BQNLY23", "warranty_info": "Expired 19 APR 2023", "computer_name": "mcwt03225", "model": 4, "status": 1, "os": 5, "location": null, "department": null, "user": null, "date_received": null, "date_installed": null, "image": "", "notes": "", "monitor": []}}, {"model": "assets.computer", "pk": 51, "fields": {"project": null, "serial_number": "1238V52", "warranty_info": "EXPIRED", "computer_name": "MCWT030112", "model": 3, "status": 1, "os": 2, "location": null, "department": null, "user": "NEDMUND", "date_received": null, "date_installed": null, "image": "", "notes": "", "monitor": []}}, {"model": "assets.computer", "pk": 52, "fields": {"project": null, "serial_number": "DTSULTA003501025AC3000", "warranty_info": "EXPIRED", "computer_name": "MCWTC03030", "model": 23, "status": 1, "os": 5, "location": null, "department": null, "user": null, "date_received": null, "date_installed": null, "image": "", "notes": "", "monitor": []}}, {"model": "assets.computer", "pk": 53, "fields": {"project": null, "serial_number": "MJ0CAMG3", "warranty_info": "EXPIRED", "computer_name": "mcwt03203", "model": 24, "status": 1, "os": 5, "location": null, "department": null, "user": null, "date_received": null, "date_installed": null, "image": "", "notes": "", "monitor": []}}, {"model": "assets.computer", "pk": 54, "fields": {"project": null, "serial_number": "MJ0CAMGF", "warranty_info": "EXPIRED", "computer_name": "MCWT03200", "model": 24, "status": 1, "os": 5, "location": null, "department": null, "user": null, "date_received": null, "date_installed": null, "image": "", "notes": "", "monitor": []}}, {"model": "assets.computer", "pk": 55, "fields": {"project": null, "serial_number": "6QFRY12", "warranty_info": "EXPIRED", "computer_name": "MOICAMERA", "model": 21, "status": 1, "os": 2, "location": null, "department": null, "user": null, "date_received": null, "date_installed": null, "image": "", "notes": "", "monitor": []}}, {"model": "assets.computer", "pk": 56, "fields": {"project": null, "serial_number": "DTSULTA003501024DE3000", "warranty_info": "EXPIRED", "computer_name": "mcwt03220", "model": 23, "status": 1, "os": 5, "location": null, "department": null, "user": null, "date_received": null, "date_installed": null, "image": "", "notes": "", "monitor": []}}, {"model": "assets.computer", "pk": 57, "fields": {"project": null, "serial_number": "MG00HXNT", "warranty_info": "EXPIRED", "computer_name": "MCWT03229", "model": 25, "status": 1, "os": 5, "location": null, "department": null, "user": null, "date_received": null, "date_installed": null, "image": "", "notes": "", "monitor": []}}, {"model": "assets.computer", "pk": 58, "fields": {"project": null, "serial_number": "DS2WT52", "warranty_info": "EXPIRED", "computer_name": "mcwt03091", "model": 3, "status": 1, "os": 5, "location": null, "department": null, "user": null, "date_received": null, "date_installed": null, "image": "", "notes": "8 GB RAM", "monitor": []}}, {"model": "assets.computer", "pk": 59, "fields": {"project": null, "serial_number": "MJ0CAMGG", "warranty_info": "EXPIRED", "computer_name": "mcwt032001", "model": 24, "status": 1, "os": 5, "location": null, "department": null, "user": null, "date_received": null, "date_installed": null, "image": "", "notes": "", "monitor": []}}, {"model": "assets.computer", "pk": 60, "fields": {"project": null, "serial_number": "1232V52", "warranty_info": "EXPIRED", "computer_name": "moicto", "model": 3, "status": 1, "os": 2, "location": null, "department": null, "user": "GLOUIS", "date_received": null, "date_installed": null, "image": "", "notes": "", "monitor": []}}, {"model": "assets.computer", "pk": 61, "fields": {"project": null, "serial_number": "2JMDLR2", "warranty_info": "EXPIRED", "computer_name": "mcwt01049", "model": 26, "status": 1, "os": 5, "location": null, "department": null, "user": "OHALFRED", "date_received": null, "date_installed": null, "image": "", "notes": "", "monitor": []}}, {"model": "assets.computer", "pk": 62, "fields": {"project": null, "serial_number": "2UA6243N4F", "warranty_info": "EXPIRED", "computer_name": "MCWT02018", "model": 2, "status": 1, "os": 5, "location": null, "department": null, "user": null, "date_received": null, "date_installed": null, "image": "", "notes": "", "monitor": []}}, {"model": "assets.computer", "pk": 63, "fields": {"project": null, "serial_number": "PC0PAZ5A", "warranty_info": "EXPIRED", "computer_name": "mcwt01072", "model": 27, "status": 1, "os": 5, "location": null, "department": null, "user": "DLAURENCIN", "date_received": null, "date_installed": null, "image": "", "notes": "", "monitor": []}}, {"model": "assets.computer", "pk": 64, "fields": {"project": null, "serial_number": "DS4XT52", "warranty_info": "EXPIRED", "computer_name": "MCWT03015", "model": 3, "status": 1, "os": 2, "location": null, "department": null, "user": null, "date_received": null, "date_installed": null, "image": "", "notes": "", "monitor": []}}, {"model": "assets.computer", "pk": 65, "fields": {"project": null, "serial_number": "2JBKLR2", "warranty_info": "EXPIRED", "computer_name": "mcwt01048", "model": 26, "status": 1, "os": 5, "location": null, "department": null, "user": null, "date_received": null, "date_installed": null, "image": "", "notes": "", "monitor": []}}, {"model": "assets.computer", "pk": 66, "fields": {"project": null, "serial_number": "4TQ73C2", "warranty_info": "EXPIRED", "computer_name": "MCWT01023", "model": 7, "status": 1, "os": 2, "location": null, "department": null, "user": "kmoses", "date_received": null, "date_installed": null, "image": "", "notes": "", "monitor": []}}, {"model": "assets.computer", "pk": 67, "fields": {"project": null, "serial_number": "1228V52", "warranty_info": "EXPIRED", "computer_name": "MCWT03005", "model": 3, "status": 1, "os": null, "location": null, "department": 6, "user": null, "date_received": null, "date_installed": null, "image": "", "notes": "", "monitor": []}}, {"model": "assets.computer", "pk": 68, "fields": {"project": null, "serial_number": "S5DFZWX", "warranty_info": "EXPIRED", "computer_name": "MCWT03040", "model": 28, "status": 1, "os": null, "location": null, "department": 2, "user": "MLEONCE", "date_received": null, "date_installed": null, "image": "", "notes": "", "monitor": []}}, {"model": "assets.computer", "pk": 69, "fields": {"project": null, "serial_number": "MXL1290KRH", "warranty_info": "EXPIRED", "computer_name": "mcwt01112", "model": 29, "status": 1, "os": 5, "location": null, "department": 2, "user": "alhenry", "date_received": null, "date_installed": null, "image": "", "notes": "", "monitor": []}}, {"model": "assets.computer", "pk": 70, "fields": {"project": null, "serial_number": "MXL1290L8R", "warranty_info": "EXPIRED", "computer_name": "mcwt02111", "model": 29, "status": 1, "os": 5, "location": null, "department": 2, "user": "tboyce", "date_received": null, "date_installed": null, "image": "", "notes": "", "monitor": []}}, {"model": "assets.computer", "pk": 71, "fields": {"project": 2, "serial_number": "MXL1321ZF5", "warranty_info": "EXPIRED", "computer_name": "mcwt02109", "model": 29, "status": 1, "os": 5, "location": 2, "department": 2, "user": "dreynold", "date_received": null, "date_installed": null, "image": "", "notes": "", "monitor": [35]}}, {"model": "assets.computer", "pk": 72, "fields": {"project": null, "serial_number": "2UA7252KMQ", "warranty_info": "EXPIRED", "computer_name": "mcwt01045", "model": 30, "status": 1, "os": 5, "location": null, "department": 2, "user": "MMathurin", "date_received": null, "date_installed": null, "image": "", "notes": "", "monitor": []}}, {"model": "assets.computer", "pk": 73, "fields": {"project": null, "serial_number": "6748ZV1", "warranty_info": "EXPIRED", "computer_name": "MCWT03044", "model": 8, "status": 1, "os": 2, "location": null, "department": 3, "user": "MJOHN", "date_received": null, "date_installed": null, "image": "", "notes": "", "monitor": []}}, {"model": "assets.computer", "pk": 74, "fields": {"project": null, "serial_number": "1239V52", "warranty_info": "EXPIRED", "computer_name": "MCWT03002", "model": 3, "status": 1, "os": 2, "location": null, "department": 6, "user": null, "date_received": null, "date_installed": null, "image": "", "notes": "", "monitor": []}}, {"model": "assets.computer", "pk": 75, "fields": {"project": null, "serial_number": "8DSDK93", "warranty_info": "Expired 19 FEB 2024", "computer_name": "mcwt-lab03", "model": 31, "status": 1, "os": 6, "location": null, "department": 8, "user": null, "date_received": null, "date_installed": null, "image": "", "notes": "", "monitor": [6]}}, {"model": "assets.computer", "pk": 76, "fields": {"project": null, "serial_number": "D3D67V3", "warranty_info": "ProSupport Expires 05 JAN 2026", "computer_name": "mcwt-lab01", "model": 1, "status": 1, "os": 6, "location": 4, "department": 8, "user": null, "date_received": null, "date_installed": null, "image": "", "notes": "", "monitor": [7]}}, {"model": "assets.computer", "pk": 77, "fields": {"project": null, "serial_number": "2D4T9V3", "warranty_info": "ProSupport Expires 12 JAN 2026", "computer_name": "mcwt-lab02", "model": 1, "status": 1, "os": 6, "location": 4, "department": 8, "user": null, "date_received": null, "date_installed": null, "image": "", "notes": "", "monitor": [8]}}, {"model": "assets.computer", "pk": 78, "fields": {"project": null, "serial_number": "8DSFK93", "warranty_info": "Expired 19 FEB 2024", "computer_name": "mcwt-lab04", "model": 31, "status": 1, "os": 6, "location": 4, "department": 8, "user": null, "date_received": null, "date_installed": null, "image": "", "notes": "", "monitor": [9]}}, {"model": "assets.computer", "pk": 79, "fields": {"project": null, "serial_number": "8DSCK93", "warranty_info": "Expired 19 FEB 2024", "computer_name": "MCWTENG1", "model": 31, "status": 1, "os": 5, "location": 4, "department": 8, "user": null, "date_received": null, "date_installed": null, "image": "", "notes": "", "monitor": [10]}}, {"model": "assets.computer", "pk": 80, "fields": {"project": null, "serial_number": "BD0SXR1", "warranty_info": "EXPIRED", "computer_name": "commlabpc", "model": 32, "status": 1, "os": 2, "location": 4, "department": 8, "user": null, "date_received": null, "date_installed": null, "image": "", "notes": "", "monitor": [11]}}, {"model": "assets.computer", "pk": 81, "fields": {"project": null, "serial_number": "CYTFLM3", "warranty_info": "EXPIRED", "computer_name": "MCWT02240", "model": 33, "status": 1, "os": 5, "location": 3, "department": 5, "user": "GEUGENE", "date_received": null, "date_installed": null, "image": "", "notes": "", "monitor": [12]}}, {"model": "assets.computer", "pk": 82, "fields": {"project": null, "serial_number": "3JQ7K93", "warranty_info": "EXPIRED", "computer_name": "MCWT04002", "model": 17, "status": 1, "os": 5, "location": 3, "department": 9, "user": null, "date_received": null, "date_installed": null, "image": "", "notes": "", "monitor": [13]}}, {"model": "assets.computer", "pk": 83, "fields": {"project": null, "serial_number": "D176P9BK3H4S", "warranty_info": "EXPIRED", "computer_name": "D176P9BK3H4S", "model": 5, "status": 1, "os": 5, "location": 3, "department": 9, "user": null, "date_received": null, "date_installed": null, "image": "", "notes": "", "monitor": [14]}}, {"model": "assets.computer", "pk": 84, "fields": {"project": null, "serial_number": "DS4ZT52", "warranty_info": "EXPIRED", "computer_name": "MCWT03050", "model": 3, "status": 1, "os": 2, "location": 3, "department": 9, "user": null, "date_received": null, "date_installed": null, "image": "", "notes": "", "monitor": [15]}}, {"model": "assets.computer", "pk": 85, "fields": {"project": null, "serial_number": "3WHCK93", "warranty_info": "Expires 26 FEB 2024", "computer_name": "MCWT04004", "model": 17, "status": 1, "os": 5, "location": 3, "department": 9, "user": null, "date_received": null, "date_installed": null, "image": "", "notes": "", "monitor": [16]}}, {"model": "assets.computer", "pk": 86, "fields": {"project": null, "serial_number": "123BV52", "warranty_info": "EXPIRED", "computer_name": "MCWT03020", "model": 3, "status": 1, "os": 2, "location": 3, "department": 9, "user": null, "date_received": null, "date_installed": null, "image": "", "notes": "", "monitor": [17]}}, {"model": "assets.computer", "pk": 87, "fields": {"project": null, "serial_number": "2UA7061PMY", "warranty_info": "EXPIRED", "computer_name": "mcwt02070", "model": 34, "status": 1, "os": 5, "location": 3, "department": 9, "user": null, "date_received": null, "date_installed": null, "image": "", "notes": "", "monitor": [18]}}, {"model": "assets.computer", "pk": 88, "fields": {"project": null, "serial_number": "2UA7061PMY", "warranty_info": "EXPIRED", "computer_name": "mcwt02070", "model": 5, "status": 1, "os": 5, "location": 3, "department": 9, "user": null, "date_received": null, "date_installed": null, "image": "", "notes": "", "monitor": [18]}}, {"model": "assets.computer", "pk": 89, "fields": {"project": null, "serial_number": "HYMG613", "warranty_info": "ProSupport Expires 18 JAN 2025", "computer_name": "Martin", "model": 35, "status": 1, "os": 6, "location": 1, "department": 11, "user": null, "date_received": null, "date_installed": null, "image": "", "notes": "", "monitor": [19, 20]}}, {"model": "assets.computer", "pk": 90, "fields": {"project": null, "serial_number": "MXL9512LMQ", "warranty_info": "Expired January 25, 2023", "computer_name": "DESKTOP-EFMBKQL", "model": 36, "status": 1, "os": 6, "location": 1, "department": 11, "user": null, "date_received": null, "date_installed": null, "image": "", "notes": "Department: GIS", "monitor": [21]}}, {"model": "assets.computer", "pk": 91, "fields": {"project": null, "serial_number": "1233V52", "warranty_info": "EXPIRED", "computer_name": "mcwt01124", "model": 3, "status": 1, "os": 5, "location": 3, "department": 2, "user": null, "date_received": null, "date_installed": null, "image": "", "notes": "", "monitor": [22]}}, {"model": "assets.computer", "pk": 92, "fields": {"project": null, "serial_number": "8DS9K93", "warranty_info": "Expired 19 FEB 2024", "computer_name": "MCWTENG6", "model": 31, "status": 1, "os": 5, "location": 3, "department": 2, "user": null, "date_received": null, "date_installed": null, "image": "", "notes": "", "monitor": [23]}}, {"model": "assets.computer", "pk": 93, "fields": {"project": null, "serial_number": "CMGNM22", "warranty_info": "EXPIRED", "computer_name": "MCWT01082", "model": 21, "status": 1, "os": 5, "location": 3, "department": 2, "user": "Dyon Cenac", "date_received": null, "date_installed": null, "image": "", "notes": "", "monitor": [24]}}, {"model": "assets.computer", "pk": 94, "fields": {"project": null, "serial_number": "G0JJQ53", "warranty_info": "Expired 27 SEP 2023", "computer_name": "MCWT01120", "model": 11, "status": 1, "os": 5, "location": 3, "department": 2, "user": "MARIAH NICKSON", "date_received": null, "date_installed": null, "image": "", "notes": "", "monitor": [25]}}, {"model": "assets.computer", "pk": 95, "fields": {"project": null, "serial_number": "H1TH853", "warranty_info": "Expired 18 SEP 2023", "computer_name": "MCWT01121", "model": 11, "status": 1, "os": 5, "location": 3, "department": 2, "user": "FLORYANA COMBIE", "date_received": null, "date_installed": null, "image": "", "notes": "", "monitor": [26]}}, {"model": "assets.computer", "pk": 96, "fields": {"project": null, "serial_number": "1CG8S33", "warranty_info": "Expired 18 JUL 2023", "computer_name": "mcwt01110", "model": 11, "status": 1, "os": 5, "location": 3, "department": 2, "user": "PETER MORGAN", "date_received": null, "date_installed": null, "image": "", "notes": "", "monitor": [27]}}, {"model": "assets.computer", "pk": 97, "fields": {"project": null, "serial_number": "83SGBY1", "warranty_info": "EXPIRED", "computer_name": "mcwt02097", "model": 21, "status": 1, "os": 5, "location": 3, "department": 2, "user": null, "date_received": null, "date_installed": null, "image": "", "notes": "", "monitor": [28]}}, {"model": "assets.computer", "pk": 98, "fields": {"project": null, "serial_number": "83SGBY1", "warranty_info": "EXPIRED", "computer_name": "mcwt02097", "model": 21, "status": 1, "os": 5, "location": 3, "department": 2, "user": null, "date_received": null, "date_installed": null, "image": "", "notes": "", "monitor": [28]}}, {"model": "assets.computer", "pk": 99, "fields": {"project": 2, "serial_number": "3WJ8K93", "warranty_info": "Expired 26 FEB 2024", "computer_name": "MCWT04001", "model": 17, "status": 1, "os": 5, "location": 3, "department": 3, "user": "Permanent Secretary", "date_received": null, "date_installed": null, "image": "", "notes": "", "monitor": [29]}}, {"model": "assets.computer", "pk": 100, "fields": {"project": null, "serial_number": "2UA8242D7V", "warranty_info": "July 20, 2021", "computer_name": "mcwt02076", "model": 20, "status": 1, "os": 5, "location": 2, "department": 2, "user": "Marthaline Leonce", "date_received": null, "date_installed": null, "image": "", "notes": "", "monitor": [31]}}, {"model": "assets.computer", "pk": 101, "fields": {"project": 1, "serial_number": "5CG31617YP", "warranty_info": "UNKNOWN", "computer_name": "MCWTLP24511", "model": 37, "status": 2, "os": 6, "location": 1, "department": 1, "user": "Deputy Permanent Secretary", "date_received": "2024-02-27", "date_installed": "2024-02-29", "image": "", "notes": "Installed: Chrome, Adobe Reader and MS Office Pro Plus 2021", "monitor": [33]}}, {"model": "assets.computer", "pk": 102, "fields": {"project": 2, "serial_number": "5CG316383X", "warranty_info": "UNKNOWN", "computer_name": "MCWTLP24512", "model": 37, "status": 2, "os": 6, "location": 1, "department": 1, "user": "Chief Transport Office", "date_received": "2024-02-27", "date_installed": null, "image": "", "notes": "Installed: Chrome, adobe reader, MS Office 2021 Pro Plus", "monitor": [33]}}, {"model": "assets.computer", "pk": 103, "fields": {"project": 2, "serial_number": "1219V52", "warranty_info": "EXPIRED", "computer_name": "MCWT01006", "model": 3, "status": 1, "os": 2, "location": 3, "department": 3, "user": "Nadira Ragunanan", "date_received": null, "date_installed": null, "image": "", "notes": "", "monitor": [34]}}, {"model": "assets.computer", "pk": 104, "fields": {"project": 2, "serial_number": "DS2XT52", "warranty_info": "Expired 12 SEP 2018", "computer_name": "mcwt01069", "model": 3, "status": 1, "os": 5, "location": 1, "department": 1, "user": "cmcclauren", "date_received": null, "date_installed": null, "image": "", "notes": "", "monitor": [36]}}, {"model": "assets.computer", "pk": 105, "fields": {"project": 2, "serial_number": "43D67V3", "warranty_info": "Expires 05 JAN 2026", "computer_name": "mcwt4001", "model": 1, "status": 1, "os": 6, "location": 3, "department": 3, "user": "Permanent Secretary", "date_received": null, "date_installed": null, "image": "", "notes": "", "monitor": [37]}}, {"model": "assets.computer", "pk": 106, "fields": {"project": 2, "serial_number": "MXL9265D40", "warranty_info": "EXPIRED", "computer_name": "mcwt01114", "model": 9, "status": 1, "os": 5, "location": 3, "department": 3, "user": "Deputy Permanent Secretary", "date_received": null, "date_installed": null, "image": "", "notes": "", "monitor": [38]}}, {"model": "assets.computer", "pk": 107, "fields": {"project": 2, "serial_number": "6L70V52", "warranty_info": "EXPIRED", "computer_name": "MCWT01017", "model": 38, "status": 3, "os": 2, "location": 3, "department": 1, "user": "Michelle Lawrence", "date_received": null, "date_installed": null, "image": "", "notes": "", "monitor": [39]}}, {"model": "assets.computer", "pk": 108, "fields": {"project": 2, "serial_number": "BN33VD3", "warranty_info": "Basic  Expires 01 OCT 2024", "computer_name": "DESKTOP-FG4MA9A", "model": 17, "status": 1, "os": 6, "location": 2, "department": 2, "user": "Technical Assistant", "date_received": null, "date_installed": null, "image": "", "notes": "", "monitor": [42]}}, {"model": "assets.computer", "pk": 109, "fields": {"project": 2, "serial_number": "DS21V52", "warranty_info": "Expired", "computer_name": "MCWT03065", "model": 3, "status": 1, "os": 2, "location": 2, "department": 2, "user": "Serge Regis", "date_received": null, "date_installed": null, "image": "", "notes": "", "monitor": [15]}}, {"model": "assets.computer", "pk": 110, "fields": {"project": 2, "serial_number": "MJGDYR6", "warranty_info": "Expired", "computer_name": "MCWT03066", "model": 39, "status": 1, "os": 2, "location": 2, "department": 2, "user": "Lydia Glasgow", "date_received": null, "date_installed": null, "image": "", "notes": "", "monitor": [44]}}, {"model": "assets.computer", "pk": 111, "fields": {"project": 2, "serial_number": "DS3WT52", "warranty_info": "EXPIRED", "computer_name": "MCWT01038", "model": 3, "status": 1, "os": 2, "location": 2, "department": 2, "user": "ORVILLE FUACHER", "date_received": null, "date_installed": null, "image": "", "notes": "", "monitor": [45]}}, {"model": "assets.computer", "pk": 112, "fields": {"project": 2, "serial_number": "MXL6342LYL", "warranty_info": "EXPIRED", "computer_name": "MCWT03030", "model": 40, "status": 1, "os": 2, "location": 2, "department": 12, "user": "COERY ST HILL", "date_received": null, "date_installed": null, "image": "", "notes": "", "monitor": [47, 46]}}, {"model": "assets.computer", "pk": 113, "fields": {"project": 2, "serial_number": "USH218A1G2", "warranty_info": "EXPIRED", "computer_name": "MCWT01034", "model": 41, "status": 1, "os": 2, "location": 2, "department": 12, "user": "Urenda Auguste", "date_received": null, "date_installed": null, "image": "", "notes": "", "monitor": [48]}}, {"model": "assets.computer", "pk": 114, "fields": {"project": 2, "serial_number": "1224V52", "warranty_info": "EXPIRED", "computer_name": "MCWT01005", "model": 3, "status": 1, "os": 2, "location": null, "department": 3, "user": "MICHELLE AUGUSTE", "date_received": null, "date_installed": null, "image": "", "notes": "", "monitor": [49]}}, {"model": "assets.computer", "pk": 115, "fields": {"project": 2, "serial_number": "JNSNTV1", "warranty_info": "EXPIRED", "computer_name": "mcwt01240", "model": 21, "status": 1, "os": 5, "location": 3, "department": 3, "user": "Jovanie Hyacinth", "date_received": null, "date_installed": null, "image": "", "notes": "", "monitor": [39]}}, {"model": "assets.computer", "pk": 116, "fields": {"project": 2, "serial_number": "1227V52", "warranty_info": "EXPIRED", "computer_name": "MCWT01009", "model": 3, "status": 1, "os": 2, "location": 3, "department": 3, "user": "HUMAN RESOURCE OFFICER", "date_received": null, "date_installed": null, "image": "", "notes": "", "monitor": [51]}}, {"model": "assets.computer", "pk": 117, "fields": {"project": 2, "serial_number": "1ZQVNW1", "warranty_info": "EXPIRED", "computer_name": "MCWT03070", "model": 3, "status": 1, "os": 5, "location": 3, "department": 3, "user": "EXECUTIVE OFFICER", "date_received": null, "date_installed": null, "image": "", "notes": "", "monitor": [52]}}, {"model": "assets.computer", "pk": 118, "fields": {"project": 2, "serial_number": "DS60V52", "warranty_info": "Expired", "computer_name": "MCWT03083", "model": 3, "status": 1, "os": 2, "location": 3, "department": 3, "user": "Sabina Aurelien", "date_received": null, "date_installed": null, "image": "", "notes": "", "monitor": [53]}}, {"model": "assets.computer", "pk": 119, "fields": {"project": 2, "serial_number": "1242V52", "warranty_info": "EXPIRED", "computer_name": "MCWT01004", "model": 3, "status": 1, "os": 2, "location": 3, "department": 3, "user": "ADMINISTATIVE ASSISTANT", "date_received": null, "date_installed": null, "image": "", "notes": "", "monitor": [54]}}, {"model": "assets.computer", "pk": 120, "fields": {"project": 2, "serial_number": "DS51V52", "warranty_info": "Expired", "computer_name": "MCWT01012", "model": 3, "status": 1, "os": 2, "location": 3, "department": 3, "user": "Anne-Marie Biscette", "date_received": null, "date_installed": null, "image": "", "notes": "", "monitor": [55]}}, {"model": "assets.computer", "pk": 121, "fields": {"project": 2, "serial_number": "H7CF333", "warranty_info": "Expired", "computer_name": "MCWT030222", "model": 11, "status": 1, "os": 5, "location": 3, "department": 3, "user": "Glenda Marcelle", "date_received": null, "date_installed": null, "image": "", "notes": "", "monitor": [56]}}, {"model": "assets.computer", "pk": 122, "fields": {"project": 2, "serial_number": "1229V52", "warranty_info": "EXPIRED", "computer_name": "MCWT03114", "model": 3, "status": 1, "os": 5, "location": 3, "department": 2, "user": "DEPUTY CHIEF ENGINEER", "date_received": null, "date_installed": null, "image": "", "notes": "", "monitor": []}}, {"model": "assets.computer", "pk": 123, "fields": {"project": 2, "serial_number": "G3D67V3", "warranty_info": "ProSupport  Expires 05 JAN 2026", "computer_name": "mcwt4003", "model": 1, "status": 1, "os": 6, "location": 3, "department": 14, "user": "MIGUEL FERVIER", "date_received": null, "date_installed": null, "image": "", "notes": "", "monitor": [57]}}, {"model": "assets.computer", "pk": 124, "fields": {"project": 2, "serial_number": "5QK36S3", "warranty_info": "Basic Expires 05 NOV 2025", "computer_name": "MCWT01243", "model": 43, "status": 1, "os": 5, "location": 3, "department": 2, "user": "Peter Cepal", "date_received": null, "date_installed": null, "image": "", "notes": "", "monitor": [58]}}, {"model": "assets.computer", "pk": 125, "fields": {"project": 2, "serial_number": "H7D9333", "warranty_info": "Expired 25 APR 2023", "computer_name": "MCWT03223", "model": 11, "status": 1, "os": 5, "location": 3, "department": 2, "user": "Y RODIQUEZ", "date_received": null, "date_installed": null, "image": "", "notes": "", "monitor": [59]}}, {"model": "assets.computer", "pk": 126, "fields": {"project": 2, "serial_number": "H7DB333", "warranty_info": "EXPIRED", "computer_name": "MCWT03226", "model": 11, "status": 1, "os": 5, "location": 3, "department": 2, "user": null, "date_received": null, "date_installed": null, "image": "", "notes": "", "monitor": [60]}}, {"model": "assets.computer", "pk": 127, "fields": {"project": 2, "serial_number": "H7DC333", "warranty_info": "Expired", "computer_name": "MCWT03227", "model": 11, "status": 1, "os": 5, "location": 3, "department": 2, "user": "Cynthia Austin", "date_received": null, "date_installed": null, "image": "", "notes": "", "monitor": [61]}}, {"model": "assets.computer", "pk": 128, "fields": {"project": 2, "serial_number": "93GVT52", "warranty_info": "Expired 11 SEP 2018", "computer_name": "MCWT01032", "model": 44, "status": 1, "os": 5, "location": 3, "department": 2, "user": "L Gonzalez", "date_received": null, "date_installed": null, "image": "", "notes": "", "monitor": [62]}}, {"model": "assets.computer", "pk": 129, "fields": {"project": 2, "serial_number": "G525H033135L", "warranty_info": "Expired", "computer_name": "DESKTOP-3CFSCAS", "model": 45, "status": 1, "os": 5, "location": 3, "department": 12, "user": "Director of Works", "date_received": null, "date_installed": null, "image": "", "notes": "", "monitor": [63]}}, {"model": "assets.computer", "pk": 130, "fields": {"project": 2, "serial_number": "8DSBK93", "warranty_info": "Expired 19 FEB 2024", "computer_name": "DESKTOP-57QLEEU", "model": 31, "status": 1, "os": 6, "location": 2, "department": 2, "user": null, "date_received": null, "date_installed": null, "image": "", "notes": "", "monitor": [64]}}, {"model": "assets.computer", "pk": 131, "fields": {"project": 2, "serial_number": "DS5ZT52", "warranty_info": "Expired", "computer_name": "MCWT01016", "model": 3, "status": 1, "os": 2, "location": 3, "department": 3, "user": "Financial Analyst", "date_received": null, "date_installed": null, "image": "", "notes": "", "monitor": [65]}}, {"model": "assets.computer", "pk": 132, "fields": {"project": 2, "serial_number": "DS2YT52", "warranty_info": "EXPIRED", "computer_name": "MCWT03101", "model": 3, "status": 1, "os": 5, "location": 2, "department": 9, "user": "SHANE JEAN", "date_received": null, "date_installed": null, "image": "", "notes": "", "monitor": [67]}}, {"model": "assets.computer", "pk": 133, "fields": {"project": 2, "serial_number": "MXL6342LYY", "warranty_info": "Expired", "computer_name": "MCWT03016", "model": 40, "status": 1, "os": 2, "location": 2, "department": 9, "user": "Electrical Engineer 2", "date_received": null, "date_installed": null, "image": "", "notes": "", "monitor": [66]}}, {"model": "assets.computer", "pk": 134, "fields": {"project": 2, "serial_number": "66P7ZV1", "warranty_info": "EXPIRED", "computer_name": "MCWT03021", "model": 8, "status": 1, "os": 2, "location": 2, "department": 9, "user": "Marcus James", "date_received": null, "date_installed": null, "image": "", "notes": "", "monitor": [68]}}, {"model": "assets.computer", "pk": 135, "fields": {"project": 2, "serial_number": "H78R9V3", "warranty_info": "ProSupport  Expires 11 JAN 2026", "computer_name": "mcwt02330", "model": 1, "status": 1, "os": 6, "location": 2, "department": 2, "user": "Lotty Prospere", "date_received": null, "date_installed": null, "image": "", "notes": "", "monitor": [69]}}, {"model": "assets.computer", "pk": 136, "fields": {"project": 2, "serial_number": "USH243A03W", "warranty_info": "EXPIRED", "computer_name": "mcwt02085", "model": 29, "status": 1, "os": 5, "location": 2, "department": 2, "user": "P ST LUCIAN", "date_received": null, "date_installed": null, "image": "", "notes": "", "monitor": [70]}}, {"model": "assets.computer", "pk": 137, "fields": {"project": 2, "serial_number": "3SW9WM3", "warranty_info": "Basic  Expires 24 MAR 2025", "computer_name": "DESKTOP-HV8JDGA", "model": 33, "status": 1, "os": 6, "location": 2, "department": 2, "user": "Bernie Mathurin", "date_received": null, "date_installed": null, "image": "", "notes": "", "monitor": [71]}}, {"model": "assets.computercomment", "pk": 1, "fields": {"computer": 55, "comment": "PC has 4 GB RAM", "created_at": "2024-02-23T14:20:47.019Z"}}, {"model": "assets.computercomment", "pk": 2, "fields": {"computer": 69, "comment": "ghost images on the monitor, monitor needs to be replaced", "created_at": "2024-02-23T17:57:54.371Z"}}, {"model": "assets.computercomment", "pk": 3, "fields": {"computer": 11, "comment": "small form factor", "created_at": "2024-02-26T18:33:05.861Z"}}, {"model": "assets.computercomment", "pk": 4, "fields": {"computer": 89, "comment": "Department: GIS", "created_at": "2024-02-26T18:46:16.085Z"}}, {"model": "assets.computercomment", "pk": 5, "fields": {"computer": 27, "comment": "Installed our own Microsoft Office 2021 Pro Plus", "created_at": "2024-02-28T12:28:09.527Z"}}, {"model": "assets.computercomment", "pk": 6, "fields": {"computer": 74, "comment": "Uninstalled avast", "created_at": "2024-02-29T11:56:03.269Z"}}, {"model": "assets.computercomment", "pk": 7, "fields": {"computer": 51, "comment": "uninstalled avast", "created_at": "2024-02-29T11:56:46.575Z"}}, {"model": "assets.computercomment", "pk": 8, "fields": {"computer": 34, "comment": "i tried a product key on this PC and it failed for some reason and so i tried a second key, now MS 2021 Pro Plus is activated", "created_at": "2024-02-29T20:08:29.148Z"}}, {"model": "assets.computercomment", "pk": 9, "fields": {"computer": 101, "comment": "PC was hand delivered to the Deputy Permanent Secretary, 29 FEB 2024", "created_at": "2024-03-01T11:48:23.839Z"}}, {"model": "assets.computercomment", "pk": 10, "fields": {"computer": 102, "comment": "PC was hand delivered to the Chief Transport Officer, 29 FEB 202", "created_at": "2024-03-01T11:49:18.707Z"}}, {"model": "assets.computercomment", "pk": 11, "fields": {"computer": 71, "comment": "user would benefit from a replacement mouse and keyboard, the mouse an old balled mouse", "created_at": "2024-03-01T12:29:20.267Z"}}, {"model": "assets.computercomment", "pk": 12, "fields": {"computer": 107, "comment": "Retired 1/MAR/2024", "created_at": "2024-03-01T19:53:32.737Z"}}, {"model": "assets.computercomment", "pk": 13, "fields": {"computer": 53, "comment": "MS Office is unusable, it needs to be activated", "created_at": "2024-03-04T17:54:30.247Z"}}, {"model": "assets.computercomment", "pk": 14, "fields": {"computer": 45, "comment": "Added to domain and setup in accounts for user.", "created_at": "2024-03-05T13:34:56.413Z"}}, {"model": "assets.computercomment", "pk": 15, "fields": {"computer": 40, "comment": "PC was moved to the IT Unit in order to complete the system upgrade to Windows 10", "created_at": "2024-03-05T14:30:30.326Z"}}, {"model": "assets.computercomment", "pk": 16, "fields": {"computer": 40, "comment": "Machine has been upgraded to windows 10 then moved backed the users desk", "created_at": "2024-03-05T16:07:13.842Z"}}, {"model": "assets.printermodel", "pk": 1, "fields": {"name": "WorkCentre 5325", "maker": 3, "image": ""}}, {"model": "assets.printermodel", "pk": 2, "fields": {"name": "MF732C", "maker": 4, "image": ""}}, {"model": "assets.printermodel", "pk": 3, "fields": {"name": "Color LaserJet Pro MFP M479fdw", "maker": 2, "image": ""}}, {"model": "assets.printermodel", "pk": 4, "fields": {"name": "OfficeJet Pro 7740 Wide Format All-in-One", "maker": 2, "image": ""}}, {"model": "assets.printermodel", "pk": 5, "fields": {"name": "OfficeJet Pro 7720 Wide Format All-in-One", "maker": 2, "image": ""}}, {"model": "assets.printermodel", "pk": 6, "fields": {"name": "MP 601", "maker": 5, "image": ""}}, {"model": "assets.printermodel", "pk": 7, "fields": {"name": "VersaLink B7035", "maker": 3, "image": ""}}, {"model": "assets.printermodel", "pk": 8, "fields": {"name": "LaserJet 4200", "maker": 2, "image": ""}}, {"model": "assets.printermodel", "pk": 9, "fields": {"name": "VersaLink B405", "maker": 3, "image": ""}}, {"model": "assets.printermodel", "pk": 10, "fields": {"name": "WorkCentre 6027", "maker": 3, "image": ""}}, {"model": "assets.printermodel", "pk": 11, "fields": {"name": "MF420 Series", "maker": 4, "image": ""}}, {"model": "assets.printermodel", "pk": 12, "fields": {"name": "LASERJET 600 M6001", "maker": 2, "image": ""}}, {"model": "assets.printermodel", "pk": 13, "fields": {"name": "PHASER 3260", "maker": 3, "image": ""}}, {"model": "assets.printermodel", "pk": 14, "fields": {"name": "LASER MFP 137fnw", "maker": 2, "image": ""}}, {"model": "assets.printermodel", "pk": 15, "fields": {"name": "OFFICEJET 7110", "maker": 2, "image": ""}}, {"model": "assets.printermodel", "pk": 16, "fields": {"name": "TOSHIBA e-STUDIO2010AC", "maker": 5, "image": ""}}, {"model": "assets.printermodel", "pk": 17, "fields": {"name": "OFFICEJET PRO 9020", "maker": 2, "image": ""}}, {"model": "assets.printermodel", "pk": 18, "fields": {"name": "VERSALINK C605", "maker": 3, "image": ""}}, {"model": "assets.printermodel", "pk": 19, "fields": {"name": "MC3224", "maker": 9, "image": ""}}, {"model": "assets.printermodel", "pk": 20, "fields": {"name": "VersaLink C405", "maker": 3, "image": ""}}, {"model": "assets.printermodel", "pk": 21, "fields": {"name": "WorkCentre 6605", "maker": 3, "image": ""}}, {"model": "assets.printermodel", "pk": 22, "fields": {"name": "Color LaserJet Pro MFP M477fdw", "maker": 2, "image": ""}}, {"model": "assets.printermodel", "pk": 23, "fields": {"name": "Color LaserJet Pro MFP M477fnw", "maker": 2, "image": ""}}, {"model": "assets.printermodel", "pk": 24, "fields": {"name": "LaserJet 500 color M551", "maker": 2, "image": ""}}, {"model": "assets.printermodel", "pk": 25, "fields": {"name": "DeskJet Ink Advantage 2135", "maker": 2, "image": ""}}, {"model": "assets.printermodel", "pk": 26, "fields": {"name": "SC-T3170", "maker": 14, "image": ""}}, {"model": "assets.printer", "pk": 1, "fields": {"serial_number": "3322790804", "printer_name": "WorkCentre 5325", "model": 1, "ip_addr": "10.137.8.20", "location": null, "department": 4, "status": 1, "date_received": null, "date_installed": null, "notes": ""}}, {"model": "assets.printer", "pk": 2, "fields": {"serial_number": "WTL22468", "printer_name": null, "model": 2, "ip_addr": "10.137.8.4", "location": null, "department": null, "status": 1, "date_received": null, "date_installed": null, "notes": "LOGIN: USERNAME: 7654321, PASSWORD: 7654321"}}, {"model": "assets.printer", "pk": 3, "fields": {"serial_number": null, "printer_name": "HP0BD5B2", "model": 3, "ip_addr": "10.137.8.123", "location": null, "department": null, "status": 1, "date_received": null, "date_installed": null, "notes": null}}, {"model": "assets.printer", "pk": 4, "fields": {"serial_number": null, "printer_name": null, "model": 4, "ip_addr": "10.137.8.108", "location": null, "department": null, "status": 1, "date_received": null, "date_installed": null, "notes": null}}, {"model": "assets.printer", "pk": 5, "fields": {"serial_number": "CN7C915053", "printer_name": "BUILDUNITSEC", "model": 5, "ip_addr": "10.137.8.50", "location": null, "department": 12, "status": 1, "date_received": null, "date_installed": null, "notes": ""}}, {"model": "assets.printer", "pk": 6, "fields": {"serial_number": null, "printer_name": "RNP002673CB52BB", "model": 6, "ip_addr": "10.137.8.24", "location": null, "department": null, "status": 1, "date_received": null, "date_installed": null, "notes": null}}, {"model": "assets.printer", "pk": 7, "fields": {"serial_number": null, "printer_name": "HP5D5773", "model": 4, "ip_addr": "10.137.8.7", "location": null, "department": null, "status": 1, "date_received": null, "date_installed": null, "notes": null}}, {"model": "assets.printer", "pk": 8, "fields": {"serial_number": null, "printer_name": null, "model": 7, "ip_addr": "10.137.8.90", "location": null, "department": null, "status": 1, "date_received": null, "date_installed": null, "notes": null}}, {"model": "assets.printer", "pk": 9, "fields": {"serial_number": "USDNM21988", "printer_name": "NPIB0DBCC", "model": 8, "ip_addr": "10.137.8.19", "location": null, "department": null, "status": 1, "date_received": null, "date_installed": null, "notes": ""}}, {"model": "assets.printer", "pk": 10, "fields": {"serial_number": "3719818900", "printer_name": "XC-F1182B", "model": 9, "ip_addr": "10.137.8.6", "location": null, "department": 4, "status": 1, "date_received": null, "date_installed": null, "notes": "CASH AND CLERK DESKS"}}, {"model": "assets.printer", "pk": 11, "fields": {"serial_number": "3374304142", "printer_name": "DIGIGOV", "model": 10, "ip_addr": "10.137.40.20", "location": null, "department": 7, "status": 1, "date_received": null, "date_installed": null, "notes": ""}}, {"model": "assets.printer", "pk": 12, "fields": {"serial_number": "2BR21760", "printer_name": "MF420 Series", "model": 11, "ip_addr": "10.137.40.24", "location": null, "department": 6, "status": 1, "date_received": null, "date_installed": null, "notes": ""}}, {"model": "assets.printer", "pk": 13, "fields": {"serial_number": null, "printer_name": "LASERJET 600 M601", "model": 12, "ip_addr": "10.137.40.70", "location": null, "department": 6, "status": 1, "date_received": null, "date_installed": null, "notes": "HAS FAUTY PAPER TRAY"}}, {"model": "assets.printer", "pk": 14, "fields": {"serial_number": null, "printer_name": null, "model": 13, "ip_addr": null, "location": 1, "department": 6, "status": 1, "date_received": null, "date_installed": null, "notes": ""}}, {"model": "assets.printer", "pk": 15, "fields": {"serial_number": null, "printer_name": null, "model": 14, "ip_addr": null, "location": null, "department": 6, "status": 1, "date_received": null, "date_installed": null, "notes": ""}}, {"model": "assets.printer", "pk": 16, "fields": {"serial_number": null, "printer_name": null, "model": 15, "ip_addr": null, "location": null, "department": 11, "status": 1, "date_received": null, "date_installed": null, "notes": ""}}, {"model": "assets.printer", "pk": 17, "fields": {"serial_number": "CNAL17953", "printer_name": "MFP13924957", "model": 16, "ip_addr": "10.137.8.27", "location": null, "department": 1, "status": 1, "date_received": null, "date_installed": null, "notes": ""}}, {"model": "assets.printer", "pk": 18, "fields": {"serial_number": "TH31PF61CT", "printer_name": null, "model": 17, "ip_addr": null, "location": 1, "department": 1, "status": 2, "date_received": "2024-02-28", "date_installed": null, "notes": ""}}, {"model": "assets.printer", "pk": 19, "fields": {"serial_number": "TH31QH60MC", "printer_name": null, "model": 17, "ip_addr": null, "location": 1, "department": 1, "status": 2, "date_received": "2024-02-28", "date_installed": null, "notes": ""}}, {"model": "assets.printer", "pk": 20, "fields": {"serial_number": "3397912778", "printer_name": null, "model": 18, "ip_addr": null, "location": 3, "department": 3, "status": 1, "date_received": "2024-02-28", "date_installed": "2024-03-01", "notes": "USB attached"}}, {"model": "assets.printer", "pk": 21, "fields": {"serial_number": "35002371GG49", "printer_name": null, "model": 19, "ip_addr": null, "location": 1, "department": 1, "status": 2, "date_received": "2024-02-27", "date_installed": null, "notes": ""}}, {"model": "assets.printer", "pk": 22, "fields": {"serial_number": "3359248651", "printer_name": null, "model": 20, "ip_addr": null, "location": 3, "department": 3, "status": 2, "date_received": "2024-02-28", "date_installed": "2024-03-01", "notes": "Attached the Permanent Secretary PC through USB, Not Shared"}}, {"model": "assets.printer", "pk": 23, "fields": {"serial_number": "3188580432", "printer_name": null, "model": 21, "ip_addr": null, "location": 3, "department": 2, "status": 6, "date_received": null, "date_installed": null, "notes": ""}}, {"model": "assets.printer", "pk": 24, "fields": {"serial_number": "CNCRQ2Q0MX", "printer_name": null, "model": 3, "ip_addr": null, "location": 3, "department": 3, "status": 1, "date_received": null, "date_installed": null, "notes": ""}}, {"model": "assets.printer", "pk": 25, "fields": {"serial_number": "CN018550NY", "printer_name": null, "model": 4, "ip_addr": "10.137.8.48", "location": 3, "department": 3, "status": 1, "date_received": null, "date_installed": null, "notes": ""}}, {"model": "assets.printer", "pk": 26, "fields": {"serial_number": "CN8262505R", "printer_name": null, "model": 5, "ip_addr": null, "location": 2, "department": 3, "status": 1, "date_received": null, "date_installed": null, "notes": ""}}, {"model": "assets.printer", "pk": 27, "fields": {"serial_number": "VNB8K1488D", "printer_name": null, "model": 22, "ip_addr": null, "location": 3, "department": 2, "status": 1, "date_received": null, "date_installed": null, "notes": ""}}, {"model": "assets.printer", "pk": 28, "fields": {"serial_number": "CNCRQ2Q1XR", "printer_name": "HP - Color LaserJet Pro MFP M479fdw", "model": 3, "ip_addr": "10.137.8.38", "location": 2, "department": 3, "status": 1, "date_received": null, "date_installed": null, "notes": ""}}, {"model": "assets.printer", "pk": 29, "fields": {"serial_number": "CN97M550ZJ", "printer_name": null, "model": 4, "ip_addr": "10.137.8.7", "location": 3, "department": 2, "status": 1, "date_received": null, "date_installed": null, "notes": ""}}, {"model": "assets.printer", "pk": 30, "fields": {"serial_number": "VNB8k1B5GQ", "printer_name": null, "model": 22, "ip_addr": null, "location": 3, "department": 2, "status": 1, "date_received": null, "date_installed": null, "notes": ""}}, {"model": "assets.printer", "pk": 31, "fields": {"serial_number": "CF082A", "printer_name": null, "model": 24, "ip_addr": null, "location": 3, "department": 12, "status": 1, "date_received": null, "date_installed": null, "notes": ""}}, {"model": "assets.printer", "pk": 32, "fields": {"serial_number": "CN9B3480DR", "printer_name": null, "model": 25, "ip_addr": null, "location": 2, "department": 3, "status": 1, "date_received": null, "date_installed": null, "notes": ""}}, {"model": "assets.printer", "pk": 33, "fields": {"serial_number": "CN0185510C", "printer_name": null, "model": 4, "ip_addr": null, "location": 2, "department": 9, "status": 1, "date_received": null, "date_installed": null, "notes": ""}}, {"model": "assets.printer", "pk": 34, "fields": {"serial_number": "X3ZF000115", "printer_name": null, "model": 26, "ip_addr": null, "location": 2, "department": 2, "status": 7, "date_received": null, "date_installed": null, "notes": ""}}, {"model": "assets.microsoftofficeversion", "pk": 1, "fields": {"name": "2021 Pro Plus"}}, {"model": "assets.microsoftoffice", "pk": 1, "fields": {"version": 1, "product_key": "CRWGP-XNRGH-4DJP3-H8YGV-QPHRX", "computer": 101, "date_installed": "2024-02-28", "comments": null, "is_installed": true, "has_failed": false, "created_at": "2024-02-28T16:23:10.253Z", "updated_at": "2024-02-28T19:37:13.372Z"}}, {"model": "assets.microsoftoffice", "pk": 2, "fields": {"version": 1, "product_key": "VKNRG-KBPBQ-YF8RP-846QX-2YXJK", "computer": 102, "date_installed": "2024-02-28", "comments": null, "is_installed": true, "has_failed": false, "created_at": "2024-02-28T19:19:58.830Z", "updated_at": "2024-02-28T20:05:10.626Z"}}, {"model": "assets.microsoftoffice", "pk": 3, "fields": {"version": 1, "product_key": "K62YP-NCCTW-XHHKP-QYRC6-PDP8K", "computer": 27, "date_installed": "2024-02-28", "comments": null, "is_installed": true, "has_failed": false, "created_at": "2024-02-28T19:21:03.607Z", "updated_at": "2024-02-28T20:21:33.691Z"}}, {"model": "assets.microsoftoffice", "pk": 4, "fields": {"version": 1, "product_key": "YV2D4-K7N3G-MYBFC-7T2F9-MHC8K", "computer": null, "date_installed": null, "comments": "", "is_installed": false, "has_failed": false, "created_at": "2024-02-28T19:21:59.820Z", "updated_at": "2024-03-01T20:23:23.474Z"}}, {"model": "assets.microsoftoffice", "pk": 5, "fields": {"version": 1, "product_key": "2VKF4-N23G2-6MRHV-9K9X8-BWVRX", "computer": 34, "date_installed": "2024-02-29", "comments": null, "is_installed": true, "has_failed": false, "created_at": "2024-02-28T19:22:43.328Z", "updated_at": "2024-02-29T20:04:00.376Z"}}, {"model": "assets.microsoftoffice", "pk": 6, "fields": {"version": 1, "product_key": "67NKB-FPHG6-62Q7G-2F7F6-V6GWK", "computer": 33, "date_installed": "2024-02-29", "comments": "", "is_installed": true, "has_failed": false, "created_at": "2024-02-28T19:23:54.297Z", "updated_at": "2024-02-29T20:30:42.152Z"}}, {"model": "assets.microsoftoffice", "pk": 7, "fields": {"version": 1, "product_key": "VD77R-4CNTV-KX3JP-4RY9Q-KK28K", "computer": 28, "date_installed": "2024-03-01", "comments": "installed", "is_installed": true, "has_failed": false, "created_at": "2024-02-28T19:24:41.701Z", "updated_at": "2024-03-01T12:56:00.818Z"}}, {"model": "assets.microsoftoffice", "pk": 8, "fields": {"version": 1, "product_key": "VWJCN-WFRWM-PKK76-84G26-H8VRX", "computer": null, "date_installed": "2024-03-01", "comments": "installed successfully.", "is_installed": true, "has_failed": false, "created_at": "2024-02-28T19:25:20.615Z", "updated_at": "2024-03-01T12:46:55.079Z"}}]